{
  "title": "Bloat - a Mork Borg short adventure versione italiana",
  "version": "1.0.2",
  "system": "morkborg",
  "coreVersion": "10.291",
  "resetKeys": false,
  "safeMode": false,
  "systemVersion": "1.13.0",
  "id": "bloat-a-mork-borg-short-adventure-ita-ver",
  "compatibility": {
    "verified": "10.291",
    "minimum": "10"
  },
  "packs": [
    {
      "label": "Bloat",
      "type": "Scene",
      "name": "bloat",
      "path": "packs/bloat.db",
      "system": "morkborg",
      "private": false,
      "flags": {}
    },
    {
      "label": "Enemies",
      "type": "Actor",
      "name": "enemies",
      "path": "packs/enemies.db",
      "system": "morkborg",
      "private": false,
      "flags": {}
    },
    {
      "label": "Room Descriptions",
      "type": "JournalEntry",
      "name": "room-descriptions",
      "path": "packs/room-descriptions.db",
      "system": "morkborg",
      "private": false,
      "flags": {}
    }
  ],
  "url": "https://github.com/LoSmilodonte/bloat-a-mork-borg-short-adventure-ita-ver",
  "manifest": "https://github.com/LoSmilodonte/bloat-a-mork-borg-short-adventure-ita-ver/releases/download/1.0.2/world.json",
  "download": "https://github.com/LoSmilodonte/bloat-a-mork-borg-short-adventure-ita-ver/releases/download/1.0.2/bloat-a-mork-borg-short-adventure-ita-ver.zip",
  "description": "<section><p><span style=\"font-family:Courier\">Versione italiana di Bloat - un'avventura di ghiottoneria e oscena obesità per Mork Borg<br /></span></p></section>",
  "background": "worlds/bloat-a-mork-borg-short-adventure-ita-ver/Artwork/fat_king.jpg"
}